{
    "test_esr_data_[5,5,5,5,7,0]": 1.9298125505447388,
    "test_spectral_data_[5,5,5,5,7,0]": 0.8743557333946228,
    "test_esr_[8,5,5,5,8,0]": 1.0981320142745972,
    "test_spectral_[8,5,5,5,8,0]": 0.586471438407898,
    "test_esr_data_[8,5,5,5,8,0]": 1.9037843942642212,
    "test_spectral_data_[8,5,5,5,8,0]": 0.8039103746414185,
    "test_esr_data_[10,5,5,5,10,0]": 1.9613823890686035,
    "test_spectral_data_[10,5,5,5,10,0]": 0.9973136186599731,
    "test_esr_data_[0,5,5,5,5,0]": 1.8762571811676025,
    "test_spectral_data_[0,5,5,5,5,0]": 0.633477509021759,
    "esr": "NaN",
    "spectral": "NaN",
    "val_esr": "NaN",
    "val_spectral": "NaN",
    "total_params": 33665
}