{
    "test_esr_data_[5,5,5,5,7,0]": 1.9345295429229736,
    "test_spectral_data_[5,5,5,5,7,0]": 0.953010082244873,
    "test_esr_[8,5,5,5,8,0]": 1.0235977172851562,
    "test_spectral_[8,5,5,5,8,0]": 0.5608693361282349,
    "test_esr_data_[8,5,5,5,8,0]": 1.9150471687316895,
    "test_spectral_data_[8,5,5,5,8,0]": 0.8513544797897339,
    "test_esr_data_[10,5,5,5,10,0]": 1.9691096544265747,
    "test_spectral_data_[10,5,5,5,10,0]": 1.0484819412231445,
    "test_esr_data_[0,5,5,5,5,0]": 1.8799835443496704,
    "test_spectral_data_[0,5,5,5,5,0]": 0.6825660467147827,
    "esr": 0.19027724862098697,
    "spectral": 0.34513965249061584,
    "val_esr": 0.15578539669513702,
    "val_spectral": 0.32277533411979675,
    "total_params": 192209
}