{
    "test_esr_[8,5,5,5,8,0]": 0.9192049503326416,
    "test_spectral_[8,5,5,5,8,0]": 0.6729447841644287,
    "test_esr_data_[8,5,5,5,8,0]": 1.9539158344268799,
    "test_spectral_data_[8,5,5,5,8,0]": 0.9081582427024841,
    "test_esr_data_[10,5,5,5,10,0]": 1.9865871667861938,
    "test_spectral_data_[10,5,5,5,10,0]": 1.0380367040634155,
    "test_esr_data_[0,5,5,5,5,0]": 1.8927628993988037,
    "test_spectral_data_[0,5,5,5,5,0]": 0.5029475688934326,
    "esr": 0.3053567707538605,
    "spectral": 0.42898473143577576,
    "val_esr": 0.20907089114189148,
    "val_spectral": 0.3685075342655182,
    "total_params": 23185
}