{
    "test_esr_data_[5,5,5,5,7,0]": 1.9328187704086304,
    "test_spectral_data_[5,5,5,5,7,0]": 0.89559006690979,
    "test_esr_[8,5,5,5,8,0]": 1.14362633228302,
    "test_spectral_[8,5,5,5,8,0]": 0.5887905359268188,
    "test_esr_data_[8,5,5,5,8,0]": 1.9186512231826782,
    "test_spectral_data_[8,5,5,5,8,0]": 0.8598265051841736,
    "test_esr_data_[10,5,5,5,10,0]": 1.9756929874420166,
    "test_spectral_data_[10,5,5,5,10,0]": 1.0502700805664062,
    "test_esr_data_[0,5,5,5,5,0]": 1.87265145778656,
    "test_spectral_data_[0,5,5,5,5,0]": 0.6262661814689636,
    "esr": 0.3053567707538605,
    "spectral": 0.42898473143577576,
    "val_esr": 0.20907089114189148,
    "val_spectral": 0.3685075342655182,
    "total_params": 23185
}