{
    "test_esr_data_[5,5,5,5,7,0]": 1.963033676147461,
    "test_spectral_data_[5,5,5,5,7,0]": 0.946496307849884,
    "test_esr_[8,5,5,5,8,0]": 3.3099687099456787,
    "test_spectral_[8,5,5,5,8,0]": 0.4792636036872864,
    "test_esr_data_[8,5,5,5,8,0]": 1.9468413591384888,
    "test_spectral_data_[8,5,5,5,8,0]": 0.8558397889137268,
    "test_esr_data_[10,5,5,5,10,0]": 1.9482163190841675,
    "test_spectral_data_[10,5,5,5,10,0]": 1.0100302696228027,
    "test_esr_data_[0,5,5,5,5,0]": 1.9844025373458862,
    "test_spectral_data_[0,5,5,5,5,0]": 0.6837117671966553,
    "esr": 2.013874053955078,
    "spectral": 0.29897984862327576,
    "val_esr": 2.5289859771728516,
    "val_spectral": 0.3349655866622925,
    "total_params": 6545
}