{
    "test_esr_data_[5,5,5,5,7,0]": 2.0708189010620117,
    "test_spectral_data_[5,5,5,5,7,0]": 1.0067166090011597,
    "test_esr_[8,5,5,5,8,0]": 1.8494224548339844,
    "test_spectral_[8,5,5,5,8,0]": 0.5408618450164795,
    "test_esr_data_[8,5,5,5,8,0]": 2.056262493133545,
    "test_spectral_data_[8,5,5,5,8,0]": 0.9009970426559448,
    "test_esr_data_[10,5,5,5,10,0]": 2.0610034465789795,
    "test_spectral_data_[10,5,5,5,10,0]": 1.107169508934021,
    "test_esr_data_[0,5,5,5,5,0]": 2.0876755714416504,
    "test_spectral_data_[0,5,5,5,5,0]": 0.7398382425308228,
    "esr": 2.047671318054199,
    "spectral": 0.3840726613998413,
    "val_esr": 1.462307333946228,
    "val_spectral": 0.38899508118629456,
    "total_params": 14865
}