{
    "test_esr_data_[5,5,5,5,7,0]": 2.0265254974365234,
    "test_spectral_data_[5,5,5,5,7,0]": 0.9985388517379761,
    "test_esr_[8,5,5,5,8,0]": 1.5424416065216064,
    "test_spectral_[8,5,5,5,8,0]": 0.40207618474960327,
    "test_esr_data_[8,5,5,5,8,0]": 2.0481133460998535,
    "test_spectral_data_[8,5,5,5,8,0]": 1.0476253032684326,
    "test_esr_data_[10,5,5,5,10,0]": 2.047686815261841,
    "test_spectral_data_[10,5,5,5,10,0]": 1.0687462091445923,
    "test_esr_data_[0,5,5,5,5,0]": 2.0063297748565674,
    "test_spectral_data_[0,5,5,5,5,0]": 0.7012289762496948,
    "esr": 1.9447081089019775,
    "spectral": 0.22280628979206085,
    "val_esr": 1.3460710048675537,
    "val_spectral": 0.24739935994148257,
    "total_params": 43985
}