{
    "test_esr_data_[5,5,5,5,7,0]": 1.8476600646972656,
    "test_spectral_data_[5,5,5,5,7,0]": 0.6433552503585815,
    "test_esr_[8,5,5,5,8,0]": 30.2950496673584,
    "test_spectral_[8,5,5,5,8,0]": 1.0741450786590576,
    "test_esr_data_[8,5,5,5,8,0]": 1.690982699394226,
    "test_spectral_data_[8,5,5,5,8,0]": 0.657516598701477,
    "test_esr_data_[10,5,5,5,10,0]": 1.7970646619796753,
    "test_spectral_data_[10,5,5,5,10,0]": 0.6990573406219482,
    "test_esr_data_[0,5,5,5,5,0]": 1.8205451965332031,
    "test_spectral_data_[0,5,5,5,5,0]": 0.5828339457511902,
    "esr": "NaN",
    "spectral": "NaN",
    "val_esr": "NaN",
    "val_spectral": "NaN",
    "total_params": 33665
}