{
    "test_esr_data_[5,5,5,5,7,0]": 1.9159430265426636,
    "test_spectral_data_[5,5,5,5,7,0]": 0.8915775418281555,
    "test_esr_[8,5,5,5,8,0]": 1.0848617553710938,
    "test_spectral_[8,5,5,5,8,0]": 0.593763530254364,
    "test_esr_data_[8,5,5,5,8,0]": 1.9135395288467407,
    "test_spectral_data_[8,5,5,5,8,0]": 0.8136044144630432,
    "test_esr_data_[10,5,5,5,10,0]": 1.970076560974121,
    "test_spectral_data_[10,5,5,5,10,0]": 0.9902440905570984,
    "test_esr_data_[0,5,5,5,5,0]": 1.8706793785095215,
    "test_spectral_data_[0,5,5,5,5,0]": 0.6258500218391418,
    "esr": 0.2690156102180481,
    "spectral": 0.4001695215702057,
    "val_esr": 0.21196115016937256,
    "val_spectral": 0.38965678215026855,
    "total_params": 43985
}