{
    "test_esr_data_[5,5,5,5,7,0]": 1.970145583152771,
    "test_spectral_data_[5,5,5,5,7,0]": 0.9991883039474487,
    "test_esr_[8,5,5,5,8,0]": 3.23736310005188,
    "test_spectral_[8,5,5,5,8,0]": 0.4818248748779297,
    "test_esr_data_[8,5,5,5,8,0]": 1.9519957304000854,
    "test_spectral_data_[8,5,5,5,8,0]": 0.8809086680412292,
    "test_esr_data_[10,5,5,5,10,0]": 1.9502763748168945,
    "test_spectral_data_[10,5,5,5,10,0]": 1.0937292575836182,
    "test_esr_data_[0,5,5,5,5,0]": 1.9794981479644775,
    "test_spectral_data_[0,5,5,5,5,0]": 0.7129859924316406,
    "esr": 1.970974326133728,
    "spectral": 0.24963486194610596,
    "val_esr": 2.5425689220428467,
    "val_spectral": 0.32001084089279175,
    "total_params": 124353
}